valid_err,test_err
0.007568710125707692,0.0068297816621185345
0.00757251845846943,0.0070635982984454245
