valid_err,test_err
0.006794860550580505,0.007149884795014963
0.006921748550982855,0.0070834380278516455
