valid_err,test_err
0.006442406296508352,0.006507037343891927
