valid_err,test_err
0.006209627550384733,0.006392385262351673
0.0059503854144239985,0.006187163385393689
0.005904082094901788,0.006213419125823836
0.00597965434795286,0.006351731301052646
