valid_err,test_err
0.006792536988769853,0.006909265482139945
0.006775816581885557,0.006960868160072153
0.006997899640304194,0.006888634066150707
0.006900186245545173,0.006927714274325424
0.006869897242530506,0.007016413065866678
