valid_err,test_err
0.00610857699925603,0.005654613578427534
0.0061048495738856325,0.005675813956503921
