valid_err,test_err
0.006458872101965262,0.007051887506487601
0.00638049463779562,0.007046372210403762
0.006466907753578901,0.006916125549290675
0.006454818099140311,0.006772688090300484
0.006524857477574359,0.006897830366005183
