valid_err,test_err
0.0067588632827068635,0.006598824373185125
0.006783025870099442,0.006693109230762107
0.006734755691402237,0.006710119707985451
0.006882207942140014,0.006701367426154888
0.006663479022861347,0.006520076895253808
0.006504216211477213,0.006403634400964437
0.006387289201225828,0.00621445742617719
0.0066309151779883795,0.006419856491601522
0.006880991501275404,0.006706643931268264
0.006722258855541994,0.006583007170779644
